<?xml version="1.0" encoding="UTF-8"?>
<!DOCTYPE mapper PUBLIC "-//mybatis.org//DTD Mapper 3.0//EN" "http://mybatis.org/dtd/mybatis-3-mapper.dtd">
<mapper namespace="frank.mapper.RecordMapper">
  <resultMap id="BaseResultMap" type="frank.model.Record">
    <id column="id" jdbcType="INTEGER" property="id" />
    <result column="score" jdbcType="DECIMAL" property="score" />
    <result column="stu_id" jdbcType="INTEGER" property="stuId" />
    <result column="course_id" jdbcType="INTEGER" property="courseId" />
  </resultMap>
  <select id="test" parameterType="frank.model.Stu" resultMap="BaseResultMap">
    select r.id, r.score, r.stu_id, r.course_id from record r
                                                       join stu s on s.id=r.stu_id
    where s.name=#{name}
  </select>
  <sql id="Example_Where_Clause">
    <where>
      <foreach collection="oredCriteria" item="criteria" separator="or">
        <if test="criteria.valid">
          <trim prefix="(" prefixOverrides="and" suffix=")">
            <foreach collection="criteria.criteria" item="criterion">
              <choose>
                <when test="criterion.noValue">
                  and ${criterion.condition}
                </when>
                <when test="criterion.singleValue">
                  and ${criterion.condition} #{criterion.value}
                </when>
                <when test="criterion.betweenValue">
                  and ${criterion.condition} #{criterion.value} and #{criterion.secondValue}
                </when>
                <when test="criterion.listValue">
                  and ${criterion.condition}
                  <foreach close=")" collection="criterion.value" item="listItem" open="(" separator=",">
                    #{listItem}
                  </foreach>
                </when>
              </choose>
            </foreach>
          </trim>
        </if>
      </foreach>
    </where>
  </sql>
  <sql id="Update_By_Example_Where_Clause">
    <where>
      <foreach collection="example.oredCriteria" item="criteria" separator="or">
        <if test="criteria.valid">
          <trim prefix="(" prefixOverrides="and" suffix=")">
            <foreach collection="criteria.criteria" item="criterion">
              <choose>
                <when test="criterion.noValue">
                  and ${criterion.condition}
                </when>
                <when test="criterion.singleValue">
                  and ${criterion.condition} #{criterion.value}
                </when>
                <when test="criterion.betweenValue">
                  and ${criterion.condition} #{criterion.value} and #{criterion.secondValue}
                </when>
                <when test="criterion.listValue">
                  and ${criterion.condition}
                  <foreach close=")" collection="criterion.value" item="listItem" open="(" separator=",">
                    #{listItem}
                  </foreach>
                </when>
              </choose>
            </foreach>
          </trim>
        </if>
      </foreach>
    </where>
  </sql>
  <sql id="Base_Column_List">
    id, score, stu_id, course_id
  </sql>
  <select id="selectByExample" parameterType="frank.model.RecordExample" resultMap="BaseResultMap">
    select
    <if test="distinct">
      distinct
    </if>
    <include refid="Base_Column_List" />
    from record
    <if test="_parameter != null">
      <include refid="Example_Where_Clause" />
    </if>
    <if test="orderByClause != null">
      order by ${orderByClause}
    </if>
  </select>
  <select id="selectByPrimaryKey" parameterType="java.lang.Integer" resultMap="BaseResultMap">
    select 
    <include refid="Base_Column_List" />
    from record
    where id = #{id,jdbcType=INTEGER}
  </select>
  <delete id="deleteByPrimaryKey" parameterType="java.lang.Integer">
    delete from record
    where id = #{id,jdbcType=INTEGER}
  </delete>
  <delete id="deleteByExample" parameterType="frank.model.RecordExample">
    delete from record
    <if test="_parameter != null">
      <include refid="Example_Where_Clause" />
    </if>
  </delete>
  <insert id="insert" parameterType="frank.model.Record">
    <selectKey keyProperty="id" order="AFTER" resultType="java.lang.Integer">
      SELECT LAST_INSERT_ID()
    </selectKey>
    insert into record (score, stu_id, course_id
      )
    values (#{score,jdbcType=DECIMAL}, #{stuId,jdbcType=INTEGER}, #{courseId,jdbcType=INTEGER}
      )
  </insert>
  <insert id="insertSelective" parameterType="frank.model.Record">
    <selectKey keyProperty="id" order="AFTER" resultType="java.lang.Integer">
      SELECT LAST_INSERT_ID()
    </selectKey>
    insert into record
    <trim prefix="(" suffix=")" suffixOverrides=",">
      <if test="score != null">
        score,
      </if>
      <if test="stuId != null">
        stu_id,
      </if>
      <if test="courseId != null">
        course_id,
      </if>
    </trim>
    <trim prefix="values (" suffix=")" suffixOverrides=",">
      <if test="score != null">
        #{score,jdbcType=DECIMAL},
      </if>
      <if test="stuId != null">
        #{stuId,jdbcType=INTEGER},
      </if>
      <if test="courseId != null">
        #{courseId,jdbcType=INTEGER},
      </if>
    </trim>
  </insert>
  <select id="countByExample" parameterType="frank.model.RecordExample" resultType="java.lang.Long">
    select count(*) from record
    <if test="_parameter != null">
      <include refid="Example_Where_Clause" />
    </if>
  </select>
  <update id="updateByExampleSelective" parameterType="map">
    update record
    <set>
      <if test="record.id != null">
        id = #{record.id,jdbcType=INTEGER},
      </if>
      <if test="record.score != null">
        score = #{record.score,jdbcType=DECIMAL},
      </if>
      <if test="record.stuId != null">
        stu_id = #{record.stuId,jdbcType=INTEGER},
      </if>
      <if test="record.courseId != null">
        course_id = #{record.courseId,jdbcType=INTEGER},
      </if>
    </set>
    <if test="_parameter != null">
      <include refid="Update_By_Example_Where_Clause" />
    </if>
  </update>
  <update id="updateByExample" parameterType="map">
    update record
    set id = #{record.id,jdbcType=INTEGER},
      score = #{record.score,jdbcType=DECIMAL},
      stu_id = #{record.stuId,jdbcType=INTEGER},
      course_id = #{record.courseId,jdbcType=INTEGER}
    <if test="_parameter != null">
      <include refid="Update_By_Example_Where_Clause" />
    </if>
  </update>
  <update id="updateByPrimaryKeySelective" parameterType="frank.model.Record">
    update record
    <set>
      <if test="score != null">
        score = #{score,jdbcType=DECIMAL},
      </if>
      <if test="stuId != null">
        stu_id = #{stuId,jdbcType=INTEGER},
      </if>
      <if test="courseId != null">
        course_id = #{courseId,jdbcType=INTEGER},
      </if>
    </set>
    where id = #{id,jdbcType=INTEGER}
  </update>
  <update id="updateByPrimaryKey" parameterType="frank.model.Record">
    update record
    set score = #{score,jdbcType=DECIMAL},
      stu_id = #{stuId,jdbcType=INTEGER},
      course_id = #{courseId,jdbcType=INTEGER}
    where id = #{id,jdbcType=INTEGER}
  </update>


</mapper>











